ActivityBucket	Department	Project	Status	Archive?	Category	Language	Live	Beta	LastUpdate	DueDate	Involved	GitHub	Telegram	Linked Project	Description	Notes	IP	Framework
active	Sigmanauts	Erg0ne	Active	False			True	False	2024-11-15		Giufa							
active	Sigmanauts	Facebook & Instagram Management	Active	False			True	False	2024-11-15		Glasgow							
active	Ecosystem	Machina Finance	Active	False	Off-chain	JS/TS	False	False	2024-04-02		"""Allison """	https://github.com/nautls/machina-finance						
active	Sigmanauts	Spending Proposals	Active	False			False	False	2024-03-12									
active	Ecosystem	ChainCash	Active	False			False	False	2024-03-06	2024-03-06	kushti							
active	Ecosystem	SigmaUSD	Active	False			True	False	2024-02-26	2024-02-23	anon-real		https://t.me/SigmaUSD					
active	Sigmanauts	Market Maker Management	In progress	False			False	False	2024-02-22		qx, cannon							
active	Sigmanauts	Twitter Marketing	In progress	False			False	False	2024-02-16	2024-02-08	qx							
active	Wallets	Nautilus	Active	False	Wallets	JS/TS	True	False	2024-02-14		"""Allison """	https://github.com/nautls/nautilus-wallet						
active	Integrations	coingecko	In progress	False			False	False	2024-02-11		Glasgow							
active	Integrations	Defillama	In progress	False			False	False	2024-02-08		wombo							
active	Ecosystem	Rosen	Active	False		JS/TS, Scala	True	False	2024-02-07	2023-12-20	mhs, Armeanio, CW, Mohammed Kermani, Fateme Rahmani, Zargarzadeh, vorujack, SepherGanji							
active	Ecosystem	CruxFinance	Active	False		Scala, Rust, JS/TS	True	False	2024-02-07		Noah, Luivatra, Marty	https://github.com/cruxfinance						
active	Ecosystem	GuapSwap	Active	False	Mining		True	False	2024-02-07		lgd							
active	Ecosystem	Lithos	Active	False	Mining		False	False	2024-02-07		cheeseenthusiast							
active	Sigmanauts	Sig-Mining Pool	In progress	False			True	False	2024-02-07		qx, cannon							
active	Wallets	Ergo Wallet (Terminus)	In progress	False			True	False	2024-02-07		morphic, MrStahlfelge							
active	Websites	docs.ergoplatform.org	In progress	False			False	False	2024-02-07		Glasgow							
active	Integrations	livecoinwatch	In progress	False			False	False	2024-02-06	2023-05-21								
active	Ecosystem	Paideia	Active	False			True	False	2024-02-06	2024-01-24	Luivatra, noob77777		https://t.me/paideiaDAO					
active	Ecosystem	Pheonix Finance	Active	False			True	False	2024-02-06	2024-01-24	MGpai, lgd							
active	Ecosystem	Reputation System	Active	False			False	True	2024-02-06	2024-01-24	jossemii							
active	Websites	website maintenance	In progress	False			False	False	2024-02-06	2024-02-16	Glasgow, Dmitry Usov							
active	Ecosystem	BlitzTCG	Active	False			False	True	2024-02-06	2024-03-31	lgd, LowKeyNerd							
active	Ecosystem	DexyGold	In progress	False			False	True	2024-02-06		kushti, code-for-us, scalahub		https://t.me/dexygold					
active	Integrations	Coinmarketcap	In progress	False			False	False	2024-02-06		Glasgow, qx							
active	Ecosystem	Analog-Ergo	Active	False	P2P		False	False			deathgripson							
active	Ecosystem	Auction Coin	Active	False			True	False			anon-real	https://auctioncoin.app/						
active	Ecosystem	AuctionHouse	Active	False	NFTs		True	False			anon-real		https://t.me/ergoauctionhouse					
active	Ecosystem	Bitmasks	Active	False			False	False			c8							
active	Ecosystem	COMET	Active	False			False	False			MGpai		https://t.me/CometErgoCommunity					
active	Ecosystem	ChainCash	In progress	False			False	True			kushti, Ross Weir							
active	Ecosystem	CruxHarmony	Active	False		Rust	False	False			Luivatra	https://github.com/cruxfinance/crux-harmony						
active	Ecosystem	CyberVerse	Active	False			True	False			pxl		https://t.me/CyberVersegame					
active	Ecosystem	EXLE	In progress	False			False	True			Magic, Chris Ray		https://t.me/ErgoLend					
active	Ecosystem	ErgOne	Active	False			True	False			Giufa							
active	Ecosystem	ErgoMixer	Active	False	Cryptographic		True	False			anon2020s, aragogi							
active	Ecosystem	ErgoRaffle	Active	False			True	False			mhs, Fateme Rahmani, Zargarzadeh							
active	Ecosystem	Ergonames	In progress	False	DNS	Scala, JS/TS	False	False			MGpai, lgd, Zack Balbin	https://github.com/ergonames						
active	Ecosystem	Ergonomes	Active	False			False	False			TanBeige							
active	Ecosystem	Ergopad	Active	False			True	False			Luivatra, Marty		https://t.me/ergopad_chat					
active	Ecosystem	Ergosaurs	Active	False			False	False			TanBeige							
active	Ecosystem	GluonGold	Active	False			False	False			Bruno		https://t.me/GluonGold					
active	Ecosystem	Grand Gambit	Active	False			True	False										
active	Ecosystem	Hodlbox	Active	False			True	False			c8							
active	Ecosystem	Hodlcoin	Active	False			True	False			Pulsarz							
active	Ecosystem	Lilium 	Active	False	NFTs	Scala, JS/TS, Python	True	False			lgd	https://github.com/LiliumErgo						
active	Ecosystem	Mew Finance	Active	False			True	False			Aco Smrkas, HQ							
active	Ecosystem	Netnotes	Active	False	Interaction	Java	False	True				https://github.com/networkspore/Netnotes-Linux/releases/tag/v0.2.0c-beta						
active	Ecosystem	Palmyra	Active	False			False	True			MGpai, lgd		https://t.me/zengate_global					
active	Ecosystem	Pratir	In progress	False	NFTs	JS/TS	False	False			Marty	https://github.com/ergopad/pratir-frontend						
active	Ecosystem	SigmaFi	Active	False			True	False			"""Allison "", cheeseenthusiast"		https://t.me/sigmafi					
active	Ecosystem	SigmaO	Active	False			False	True			haileypdll		https://t.me/SigmaOpts					
active	Ecosystem	SkyHarbor	Active	False	NFTs		True	False			TanBeige							
active	Ecosystem	Spectrum	Active	False			True	False			Ilya Oskin		https://t.me/spectrum_labs_community					
active	Ecosystem	TabbyPOS	Active	False			True	False			lee		https://t.me/tabbypos					
active	Ecosystem	duckpools	Active	False			True	False			Krasavice		https://t.me/duckpools_chat					
active	Ecosystem	ergcube	Active	False			False	False			HQ							
active	Ecosystem	ergo-reputation-system	In progress	False	PoP		False	False			jossemii	https://github.com/celaut-project/ergo-reputation-system						
active	Ecosystem	gluon.gold	Active	False			True	True			Bruno, kii, lgd							
active	Ecosystem	nft-market	In progress	False	NFTs	JS/TS	False	False			Marty, noob77777	https://github.com/ergo-pad/nft-market						
active	Ecosystem	single-tx-swap	Active	False			True	False			danza							
active	Ecosystem, Tooling	CYTI	Active	False	Mining	JS/TS	False	False			haileypdll	https://github.com/ThierryM1212/cyti						
active	SDKs	AppKit	Active	False	SDKs	Java, Scala	False	False			morphic	https://github.com/ergoplatform/ergo-appkit						
active	SDKs	Fleet	Active	False	SDKs	JS/TS	False	False			"""Allison "", SepherGanji"	https://github.com/fleet-sdk						
active	SDKs	FleetSharp	Active	False	SDKs	C#	False	False			Pulsarz	https://docs.ergoplatform.com/dev/stack/fleetsharp/						
active	SDKs	SigmaJS	Active	False	SDKs		False	False							Sigma JS, in conjunction with Fleet, aims to offer a user experience for Javascript developers that is comparable to what AppKit provides for JVM developers.			
active	SDKs	sigma-rust	Active	False	SDKs	Rust	False	False			soysor, greenhat	https://github.com/ergoplatform/sigma-rust/						
active	Sigmanauts	Marketing Group	In progress	False			False	False			cannon, Koutelier							
active	Sigmanauts	Paideia Onboarding	In progress	False			False	False										
active	Sigmanauts	SigCan Prune	In progress	False			False	False			Glasgow							
active	Tooling	ErgCamel	Active	False	Utilities	JS/TS	False	False			LiquidPhase	https://github.com/TremendouslyHighFrequency/ErgCaml						
active	Tooling	KuPyBot	Active	False	Utilities	Python	False	False			FlyingPig							
active	Tooling	ergo-lib-go	Active	False	Libraries	C, Go	False	False			Alesfatalis	https://github.com/sigmaspace-io/ergo-lib-go						
active	Tooling, Ecosystem	GuapSwap	Active	False	Mining		False	False				https://github.com/GuapSwap			"Guapswap is a fully decentralized smart contract profit swapping service on the Ergo Blockchain.

"			
active	Wallets	KeyStone Wallet	In progress	False			False	False										
active	Wallets	Minotaur	Active	False		JS/TS	True	False			mhs, vorujack	https://github.com/minotaur-ergo/minotaur-wallet						
active	Wallets	SAFEW	Active	False		JS/TS	True	False			haileypdll	https://github.com/ThierryM1212/SAFEW						
active	core	DAO for infrastructure and core development	In progress	False			False	False			kushti							
hold	Integrations	Coincarp 	Awaiting Response	False			False	False	2024-04-09	2024-04-09	Glasgow							
hold	Integrations	sideshift	Awaiting Response	False			False	False	2024-02-29	2024-02-29	Koutelier							
hold	Integrations	Fireblocks	Awaiting Response	False			False	False	2024-02-23	2023-09-12	qx, Armeanio					Armeanio initially contacted, but had no response (TBC?), qx attempted to contact via NDAX		
hold	Integrations	Dexhunter	Awaiting Response	False			False	False	2024-02-23	2023-11-01	Noah							
hold	Integrations	Travala	Backburner	False			False	False	2024-02-23	2024-02-23	Glasgow, bez					$45k. 		
hold	Integrations	Chainalysis	Awaiting Response	False			False	False	2024-02-07	2023-08-02	Glasgow							
hold	Integrations	Coinfirm	Roadblock	False			False	False	2024-02-07	2023-08-23	Glasgow					KYC for easier integration. Quoted ~$200k (To check)		
hold	Integrations	Dune Analytics	Awaiting Response	False			False	False	2024-02-06	2023-05-09								
hold	Integrations	intotheblock	Awaiting Response	False			False	False	2024-02-06	2023-05-09	Glasgow							
hold	Integrations	dexscreener	Awaiting Response	False			False	False	2024-02-06	2023-05-10								
hold	Integrations	WalletInvestor	Awaiting Response	False			False	False	2024-02-06	2023-05-23	Glasgow							
hold	Integrations	tokenterminal	Roadblock	False			False	False	2024-02-06	2023-06-19	Glasgow							
hold	Integrations	Bubblemaps Integration	Roadblock	False			False	False	2024-02-06	2023-06-25	wombo							
hold	Integrations	footprint network	Roadblock	False			False	False	2024-02-06	2023-07-24	wombo							
hold	Wallets	Tangem	Roadblock	False			False	False	2024-02-06	2023-10-24	Glasgow							
hold	Integrations	Bitrefil	Awaiting Response	False			False	False	2024-02-06	2023-12-07	Glasgow							
hold	Wallets	TrustWallet integration	Roadblock	False			False	False	2024-02-06	2024-01-29	bez							
hold	Integrations	GetBlock.io	Roadblock	False			False	False	2024-02-06		Glasgow							
hold	Integrations	pokt	Roadblock	False			False	False	2024-02-06		wombo							
hold	Ecosystem	Azorus	Paused	False	Toolkit		False	False			curbsideprofit		https://t.me/azorus_xyz					
hold	Ecosystem	Bitdomains	Paused	False	DNS		False	False			c8							
hold	Ecosystem	ErgoNation	Paused	False			False	False										
hold	Ecosystem	ErgoStats	Paused	False	Interaction	Swift	False	False				https://github.com/ach2swift/ErgoStats						
hold	Ecosystem	GetBlok	Paused	False	Mining		False	False			cheeseenthusiast							
hold	Ecosystem	SigmaStamp	Paused	False	Utilities	JS/TS	False	False				https://github.com/sigmastamp						
hold	Ecosystem	"SigmaSubscriptionsManager
"	Paused	False	Utilities	JS/TS	False	False				https://github.com/cornbelt-dev/sigma-subscriptions-manager						
hold	Integrations	Spectrum Finance Dex on CMC	Awaiting Response	False			False	False										
hold	Integrations	defiprime	Roadblock	False			False	False										
hold	SDKs	JSON dApp Environment	Paused	False	SDKs	JSON	False	False			scalahub	https://github.com/scalahub/jde						
hold	SDKs	Mosaik	Paused	False	SDKs	Java	False	False			MrStahlfelge	https://github.com/MrStahlfelge/mosaik						
hold	SDKs	RustKit	Backburner	False	SDKs	Rust	False	False			Zack Balbin	https://crates.io/crates/ergo-rustkit						
hold	SDKs	ergpy	Paused	False	SDKs	Python	False	False			MGpai	https://github.com/mgpai22/ergpy						
hold	SDKs	headless dapp frmwork	Backburner	False	SDKs	Rust	False	False			Robert Kornacki, greenhat, David Przybilla	https://github.com/ergoplatform/ergo-headless-dapp-framework						
hold	Sigmanauts	Zealy	Backburner	False			False	False			lexymon							
hold	Tooling	"more-scala-sdk
"	Paused	False	SDKs	Scala	False	False			noob77777	https://github.com/ergopad/more-scala-sdk						
hold	Wallets	Exodus	Roadblock	False			False	False										
hold	Wallets	Light SPV Wallet	Roadblock	False			False	False										
hold	Wallets	Metamask Integration	Roadblock	False	Wallets	JS/TS	False	True			"""Allison """	https://github.com/nautls/ergsnap						
triage	EIP	EIP-XX: Special Addresses	Needs Check	False			False	False	2024-02-06	2023-03-10	"""Allison """							
triage	EIP	EIP-0008: New Transaction Validation with Just-In-Time Costing	Needs Check	False			False	False	2024-02-06	2023-03-28	morphic							
triage	Integrations	Messari	K.B	False			False	False	2024-02-06	2023-05-20	wombo							
triage	Integrations	Coinranking	Needs Check	False			False	False	2024-02-06	2023-05-21	wombo							
triage	Integrations	Glassnode	K.B	False			False	False	2024-02-06	2023-05-22	wombo							
triage	Integrations	CryptoStats	Needs Check	False			False	False	2024-02-06	2023-08-20								
triage	Integrations	Alchemy dApp Store	Needs Check	False			False	False	2024-02-06									
triage	Integrations	Blockly	Inbox	False			False	False	2024-02-06									
triage	Integrations	Defiprime	K.B	False			False	False	2024-02-06									
triage	Integrations	Nansen	Needs Check	False			False	False	2024-02-06									
triage	Integrations	WalletConnect	Needs Check	False			False	False	2024-02-06									
triage	Integrations	dAppRadar	Inbox	False			False	False	2024-02-06									
triage	Integrations	tokeninsight	Inbox	False			False	False	2024-02-06									
triage	EIP	EIP process improvement	Inbox	False			False	False			"Glasgow, ""Allison """							
triage	EIP	"EIP-0045: Redistribution Smart Contract for claimed Storage Fees
"	Needs Check	False			False	False				https://github.com/ergoplatform/eips/pull/93						
triage	EIP	"EIP0044 - encrypted NFT media and secret validation using ZKP and a 'truthy' output box.
"	Needs Check	False			False	False				https://github.com/TremendouslyHighFrequency/eips/blob/master/eip-0044.md						
triage	Ecosystem	Cyberiad	Inbox	False			False	False										
triage	Ecosystem	ErgAsia	Needs Check	False			False	False										
triage	Ecosystem	SERV Protocol	Needs Check	False			False	False										
triage	Ecosystem	SigmaGallery	Needs Check	False	NFTs		False	False										
triage	Ecosystem	SigmaJoin	Inbox	False	Cryptographic		False	False			scalahub							
triage	Editorial	@Ergo_Platform content planning	Inbox	False			False	False										
triage	Events, Editorial	Brazil Meetup	Inbox	False			False	False			"""Allison "", Marcelo"							
triage	Events, Editorial	ERGOHACK 8?	Inbox	False			False	False			Angie Har							
triage	Integrations	Hostinger	Inbox	False			False	False										
triage	Integrations	milkroad	Inbox	False			False	False			bez							
triage	Sigmanauts	DAO Legal Research	Inbox	False			False	False										
triage	Sigmanauts	Mission Statement	Needs Check	False			False	False										
triage	Wallets	Unifying payments standard	Inbox	False			False	False			"""Allison """							
empty		Marketing & Socials		False			False	False	2024-11-15									
empty	Integrations	Artemis	Done	False			False	False	2024-02-07	2024-02-29	Glasgow							
empty	Core Infrastructure	Reference Client (Node)		False	Node-tools	Scala	False	False	2024-02-07		kushti, Colby Cellador	https://github.com/ergoplatform/ergo						
empty	EIP	EIP-44: Arbitrary data signing	Done	False			False	False	2024-02-06	2024-01-24	"""Allison """	https://github.com/ergoplatform/eips/pull/92						
empty	Tooling	scrypto		False	Cryptographic	Scala	False	False	2024-02-06		Colby Cellador	https://github.com/input-output-hk/scrypto/			"Cryptographic primitives for Scala

"			
empty	core	Metadata		False			False	False	2024-02-06		"Luivatra, ""Allison """							
empty	Core Infrastructure	GraphQL		False	Interaction	JS/TS	False	False			"""Allison "", SepherGanji"	https://github.com/nautls/ergo-graphql						
empty	Core Infrastructure	erg-explorer		False	Interaction	JS/TS	False	False			Aco Smrkas	https://github.com/AcoSmrkas/ErgExplorer	https://t.me/ErgExplorer					
empty	Core Infrastructure	explorer		False	Interaction		False	False			Dmitry Usov	https://explorer.ergoplatform.com/						
empty	Core Infrastructure	oracle-core		False	Oracles	Rust	False	False			soysor	https://github.com/ergoplatform/oracle-core						
empty	EIP	EIP-0011: Distributed Signatures		False			False	False										
empty	EIP	"EIP-43: Reduced Transaction
"	Done	False			False	False				https://github.com/ergoplatform/eips/pull/91						
empty	Ecosystem	BlobsTopia	Done	False			False	False			haileypdll							
empty	Ecosystem	Winter Protocol		False			False	True			MGpai							
empty	Editorial	DeBank	Done	False			False	False			bez							
empty	Events, Editorial	ErgoSummit		False			False	False			Angie Har							
empty	IT Infrastructure	.ergoplatform.com/org		False			False	False			kushti						88.198.50.217	
empty	IT Infrastructure	.sigmaverse.io		False			False	False			kushti						88.198.50.217	
empty	IT Infrastructure	api-testnet.ergoplatform.com		False			False	False			kushti						95.216.225.144, 46.4.112.10, 95.217.196.112, 148.251.125.83	
empty	IT Infrastructure	api.ergoplatform.com		False			False	False			kushti							
empty	IT Infrastructure	dexy-test.ergoplatform.org		False			False	False			kushti						195.201.82.115	
empty	IT Infrastructure	docs.ergoplatform.org		False			False	False			kushti						195.201.82.115	
empty	IT Infrastructure	explorer.ergoplatform.org		False			False	False			kushti						195.201.82.115	
empty	IT Infrastructure	sigma-admin.ergoplatform.com		False			False	False			kushti						195.201.82.115	
empty	IT Infrastructure	testnet.ergoplatform.com		False			False	False			kushti						95.216.225.144, 46.4.112.10, 95.217.196.112, 148.251.125.83	
empty	Integrations	Find more rsERG integrations		False			False	False										
empty	Integrations	Koinly	Done	False			False	False			Noah							
empty	Sigmanauts	Ergohack marketing	Done	False			False	False			Glasgow							
empty	Tooling	Address Generation Demo		False	Transactions	Rust	False	False			soysor	https://github.com/ergoplatform/sigma-rust/tree/develop/bindings/ergo-lib-wasm/examples/address-generation-demo						
empty	Tooling	Autolykos-GPU-miner		False	Mining		False	False				https://github.com/mhssamadani/Autolykos-GPU-miner						
empty	Tooling	Create Transaction Demo		False	Transactions	Rust	False	False			soysor	https://github.com/ergoplatform/sigma-rust/tree/develop/bindings/ergo-lib-wasm/examples/create-transaction-demo						
empty	Tooling	Ergo Blockchain Scanner		False	Interaction	Scala	False	False			aragogi	https://github.com/aragogi/scanner						
empty	Tooling	Ergo Contract Templates (EIP5)		False	ErgoScript	ErgoScript	False	False			morphic, soysor	https://github.com/ergoplatform/eips/blob/master/eip-0005.md						
empty	Tooling	Ergo Off-Chain Bot Template		False	Templates; Off-chain	Scala	False	False			MGpai	https://github.com/mgpai22/Ergo-OffChain-Bot-Template						
empty	Tooling	"Ergo Playground
"		False	ErgoScript	Scala	False	False			jaysee260	https://github.com/jaysee260/ergo-playground						
empty	Tooling	"Ergo Playgrounds
"		False	Off-chain; ErgoScript	Scala	False	False			greenhat, code-for-us, kushti, Luivatra	https://github.com/ergoplatform/ergo-playgrounds						
empty	Tooling	Ergo-play-boilerplate		False	Templates	Scala	False	False			kii	https://github.com/kii-dot/ergo-play-boilerplate 						
empty	Tooling	ErgoScript-Developer-Course		False	ErgoScript	ErgoScript	False	False				https://github.com/DeCo-Education/ErgoScript-Developer-Course						
empty	Tooling	ErgoSphere		False	Infrastructure	Java	False	False			jellymlg	https://github.com/jellymlg/ErgoSphere			a personal Ergo ecosystem			
empty	Tooling	ErgoStats		False	Analytics		False	False				https://github.com/ach2swift/ErgoStats			iOS Stats App			
empty	Tooling	ErgoStats Android		False	Analytics		False	False				https://github.com/sachindayl/ErgoStatsAndroid			Android Stats App			
empty	Tooling	ErgoToolsBot		False	Utilities	Python	False	False			ladopixel	https://github.com/ladopixel/ErgoToolsBot			Telegram bot			
empty	Tooling	ErgoTree pseudo-code		False	ErgoScript	Rust	False	False			soysor	https://github.com/ross-weir/ergo-script-re/tree/main/ergotree-pseudo-code			Generates pseudo code for compiled ergo trees on a best effort basis.			
empty	Tooling	ErgoUtils		False	Utilities	JS/TS	False	False			anon-real	https://github.com/anon-real/ErgoUtils						
empty	Tooling	"ErgoUtilsUploadService
"		False	Utilities	C#	False	False			"""Allison """	https://github.com/arobsn/ErgoUtilsUploadService			An upload service used by ErgoUtils to upload NFT files to nft.storage.			
empty	Tooling	ErgoVision.ipynb		False	Analytics		False	False				https://colab.research.google.com/drive/13O_6XEHi7xbjuhzby0s7YGX0rshrClXK?usp=sharing			Draw connections between wallets based on transactions			
empty	Tooling	ErgoWell		False	Utilities	JS/TS	False	False			mhs, Fateme Rahmani, vorujack	https://github.com/mhssamadani/ErgoWell			"Staking Solution and Venture Funding on Ergo Platform

"			
empty	Tooling	Ergonnection		False	P2P	Java	False	False			Aberg	https://github.com/Satergo/Ergonnection/		Reference Client (Node)				
empty	Tooling	Kiosk	Archived	False	ErgoScript	Scala	False	False			scalahub	https://github.com/scalahub/Kiosk						
empty	Tooling	Multisig in JS		False	Demo		False	False			c8	https://github.com/SavonarolaLabs/multisig-input			example tests for signing different kind of multisig transactions with ergo-lib-wasm-nodejs			
empty	Tooling	NetNotes		False	Infrastructure	Java	False	False			networkspore	https://github.com/networkspore/Netnotes-Linux						
empty	Tooling	Plasma		False	Off-chain; Scaling	JS/TS	False	False			soysor	https://github.com/bitdomains/plasma						
empty	Tooling	Plasma Toolkit		False	Off-chain; Scaling; Toolkit	Scala	False	False			cheeseenthusiast	https://github.com/K-Singh/Plasma-Toolkit						
empty	Tooling	Rewards Consolidator		False	Mining		False	False				https://github.com/mgpai22/ergo-miner-reward-consolidator						
empty	Tooling	Rust AVL Tree		False	Scaling	Rust	False	False										
empty	Tooling	Rust Benchmarks		False	Testing	Rust	False	False			morphic	https://github.com/aslesarenko/rust-benchmarks						
empty	Tooling	SchnorrSpec		False	ErgoScript; Cryptographic	Scala	False	False			scalahub	https://github.com/ergoplatform/ergo-jde/blob/main/kiosk/src/test/scala/kiosk/schnorr/SchnorrSpec.scala			signature generation off-chain and verification on-chain explained			
empty	Tooling	SigmaUSD_bank.ipynb		False	Analytics		False	False				https://colab.research.google.com/drive/1iA_PPvWrJGjdpOFYME7W_lQrU4BemaE4?usp=sharing			Pulls all SigmaUSD bank transactions for analysis			
empty	Tooling	Sigmanauts Mining Pool		False	Mining		False	False				https://github.com/marctheshark3/sigmanaut-mining-pool-ui/						
empty	Tooling	Strainer		False	Transactions	Rust	False	False			David Przybilla	https://github.com/dav009/strainer		Reference Client (Node)	Listen and pipe Ergo TXs and eUTXOs			
empty	Tooling	VSCode ErgoScript Language Support		False	Utilities		False	False			lgd	https://github.com/GuapSwap/vscode-ergoscript-language-support						
empty	Tooling	Yet Another Airdrop Tool		False	Transactions	Python	False	False			FlyingPig	https://github.com/FlyingPig69/YAAT/						
empty	Tooling	appkit-by-example		False	Demo	Scala	False	False			ApexTheory	"https://github.com/ApexTheory/appkit-by-example"""						
empty	Tooling	bouncycastle-js		False	Libraries	JS/TS	False	False			"""Allison "", morphic"	https://github.com/aslesarenko/bouncycastle-js						
empty	Tooling	chain-name-service		False	Utilities	Scala	False	False			soysor	https://github.com/ross-weir/chain-name-service						
empty	Tooling	danaides		False	Toolkit	Python	False	False			Luivatra, noob77777, Marty	https://github.com/ergopad/danaides		explorer	A high-performance blockchain toolkit.			
empty	Tooling	edge		False	Templates	Scala	False	False			kii	https://github.com/Ergo-Lend/edge			"Ergo Development Generics Elements

"			
empty	Tooling	erg-urlwallet		False	Wallets	Java, Scala	False	False			scalahub	https://github.com/scalahub/erg-urlwallet						
empty	Tooling	ergo-analytics		False	Analytics		False	False				https://github.com/gsblabsio/ergo-analytics			The essentials for a blockchain analyst or data scientist who want to extract insights from the Ergo network using Docker.			
empty	Tooling	ergo-appkit-examples		False	Templates	C, Scala, Java, JS/TS, Python, Ruby	False	False			morphic	https://github.com/aslesarenko/ergo-appkit-examples						
empty	Tooling	ergo-assembler		False	Off-chain	Scala	False	False			anon-real	https://github.com/anon-real/ergo-assembler			For dApps to bypass node requirement for users.			
empty	Tooling	ergo-asset-locker		False	Demo	JS/TS	False	False			mowreez	https://github.com/mowreez/ergo-asset-locker						
empty	Tooling	"ergo-audit-backend
"		False	Demo	Java	False	False			jlsachse	https://github.com/jlsachse/ergo-audit-backend						
empty	Tooling	ergo-basic-template		False	Templates	JS/TS	False	False			twobitEd	https://github.com/ERGnomes/ergo-basic-template			Ergo Basic Template			React
empty	Tooling	ergo-castanet		False	ErgoScript	Dhall, Scala	False	False			iandebeer	https://github.com/iandebeer/ergo-castanet						
empty	Tooling	ergo-easy-oracle		False	Oracles	Dockerfile	False	False			reqlez	https://github.com/reqlez/ergo-easy-oracle		oracle-core				
empty	Tooling	"ergo-faucet
"		False	Utilities	Scala	False	False			Zargarzadeh, mhs	https://github.com/zargarzadehm/ergo-faucet						
empty	Tooling	ergo-full-node-raspi		False	Demo	Python	False	False			ccgarant	"https://github.com/ApexTheory/appkit-by-example"""		Reference Client (Node)				
empty	Tooling	ergo-handshake		False	P2P	Rust	False	False			techraed	https://github.com/techraed/ergo-handshake		Reference Client (Node)				
empty	Tooling	"ergo-indexer-rust
"		False	APIs	Rust	False	False			darkdrag00nv2	https://github.com/darkdrag00nv2/ergo-indexer-rust						
empty	Tooling	ergo-intelligence		False	Analytics		False	False				https://github.com/Eeysirhc/ergo-intelligence			Tools, guides, and resources for blockchain analysts to interface with data on the Ergo platform.			
empty	Tooling	ergo-js-template		False	Templates	JS/TS	False	False			anon-real	https://github.com/anon-real/ergo-js-template						
empty	Tooling	ergo-lib-wasm		False	Libraries	JS/TS	False	False			soysor	https://github.com/ergoplatform/ergo-lib-wasm						
empty	Tooling	ergo-mining-pool		False	Mining		False	False				https://github.com/mgpai22/ergo-mining-pool						
empty	Tooling	ergo-monitoring		False	Node-tools	Rust	False	False			SabaunT	https://github.com/SabaunT/ergo-monitoring			"Debug service printing out useful for developers and managers information about ergo blockchain state.

"			
empty	Tooling	ergo-monitoring		False	Analytics		False	False				https://github.com/SabaunT/ergo-monitoring			Debug service printing out useful for developers and managers information about ergo blockchain state.			
empty	Tooling	ergo-nft-bulk-minter		False	NFTs	Python	False	False			MGpai	https://github.com/mgpai22/ergo-nft-bulk-minter						
empty	Tooling	ergo-node-interface-rust		False	Node-tools	Rust	False	False			greenhat, soysor, Zack Balbin, David Przybilla	https://github.com/ergoplatform/ergo-node-interface-rust		Reference Client (Node)				
empty	Tooling	ergo-node-zmqpub		False	Utilities	Scala	False	False			Luivatra	https://github.com/cruxfinance/ergo-node-zmqpub		Reference Client (Node)	Picks up events from an ergo node and publishes them on a zeromq pub socket			
empty	Tooling	ergo-offchain		False	Off-chain; Demo	Kotlin	False	False			MrStahlfelge	https://github.com/MrStahlfelge/ergo-offchain						
empty	Tooling	ergo-portable		False	Node-tools	Shell	False	False			soysor	https://github.com/ross-weir/ergo-portable						
empty	Tooling	ergo-puppet		False	ErgoScript	Scala	False	False			David Przybilla	https://github.com/dav009/ergo-puppet						
empty	Tooling	ergo-scala-skeleton-app		False	Templates	Scala	False	False			David Przybilla	https://github.com/dav009/ergo-scala-skeleton-app						
empty	Tooling	ergo-script-re		False	ErgoScript; Libraries	Rust	False	False			soysor	https://github.com/ross-weir/ergo-script-re			Libraries for Ergo Script reverse engineering and analysis			
empty	Tooling	ergo-setup		False	Toolkit	Dockerfile	False	False			abchris	https://github.com/reqlez/ergo-setup		explorer	Simple Ergo lab setup			
empty	Tooling	"ergo-simple-addresses
"		False	Transactions	Java	False	False			kushti	https://github.com/kushti/ergo-simple-addresses						
empty	Tooling	ergo-status		False	Analytics		False	False				http://ergo-status.net/						
empty	Tooling	ergo-stealth-address-example		False	Demo; Cryptographic; Transactions	JS/TS	False	False			soysor	https://github.com/ross-weir/ergo-stealth-address-example						
empty	Tooling	"ergo-synced-node
"		False	Node-tools	Python, Shell	False	False			MGpai	https://github.com/mgpai22/ergo-synced-node		Reference Client (Node)				
empty	Tooling	ergo-token-analysis		False	Tokens		False	False				https://github.com/freeboy0/ergo-token-analysis						
empty	Tooling	ergo-token-list		False	Tokens		False	False				https://github.com/ThierryM1212/ergo-token-minter			from spectrum-finance			
empty	Tooling	ergo-token-minter		False	Tokens		False	False				https://github.com/ThierryM1212/ergo-token-minter						
empty	Tooling	ergo-tokenautics		False	Tokens	Python	False	False			babygrenade	https://github.com/babygrenade/ergo-tokenautics			token distribution			
empty	Tooling	ergo-tokenautics		False	Analytics		False	False				https://ergo.watch/						
empty	Tooling	ergo-tool		False	Node-tools	Scala	False	False			morphic, greenhat, haileypdll, scalahub	https://github.com/ergoplatform/ergo-tool			A Command Line Interface for Ergo blockchain			
empty	Tooling	ergo-uexplorer		False	Interaction	Scala	False	False			pragmaxim	https://github.com/pragmaxim/ergo-uexplorer						
empty	Tooling	ergo-utilities-rust		False	Off-chain	Rust	False	False			Robert Kornacki	https://github.com/robkorn/ergo-utilities-rust/						
empty	Tooling	ergo-vanitygen		False	Transactions	Scala	False	False			jellymlg	https://github.com/jellymlg/ergo-vanitygen						
empty	Tooling	ergo-web-template		False	Templates	JS/TS	False	False			c8, Glasgow	https://github.com/SavonarolaLabs/ergo-web-template						
empty	Tooling	ergo_client		False	Libraries	Rust	False	False			soysor	https://github.com/ross-weir/ergo_client			Rust library containing HTTP clients for various Ergo applications			
empty	Tooling	ergo_mainnet_p2s_to_testnet_p2s		False	Transactions	Python	False	False			nitram148	https://github.com/nitram147/ergo_mainnet_p2s_to_testnet_p2s			Python script converting Ergo's mainnet P2S addresses to testnet P2S addresses			
empty	Tooling	ergobay-org		False	Demo	JS/TS	False	False			c8, xhabit	https://github.com/SavonarolaLabs/ergobay-org						
empty	Tooling	ergoexplorer-websockets-demo		False	Demo	Python	False	False			noob77777	https://github.com/noob77777/ergoexplorer-websockets-demo		explorer				
empty	Tooling	ergohack-sidechain		False	Scaling	JS/TS	False	False			soysor, kushti	https://github.com/ross-weir/ergohack-sidechain						
empty	Tooling	ergomatic (Machina Finance)		False	Off-chain	JS/TS	False	False			"""Allison "", soysor"	https://github.com/nautls/ergomatic						
empty	Tooling	ergonode-spyder		False	Node-tools	C#	False	False			chriswill	https://github.com/chriswill/ergonode-spyder			A spider for the Ergo node network that captures node information for analytics and reporting.			
empty	Tooling	ergopay-frontend-example		False	Demo; Transactions	Java	False	False			MrStahlfelge	https://github.com/MrStahlfelge/ergopay-frontend-example						
empty	Tooling	ergopay-payment-portal		False	Demo; Transactions	Kotlin	False	False			MrStahlfelge	https://github.com/MrStahlfelge/ergopay-payment-portal						
empty	Tooling	ergopay-server-example		False	Demo	Java	False	False			MrStahlfelge	https://github.com/MrStahlfelge/ergopay-server-example						
empty	Tooling	ergoscript-by-example		False	ErgoScript	ErgoScript	False	False				https://github.com/ergoplatform/ergoscript-by-example						
empty	Tooling	ergoscript-compiler		False	ErgoScript	Scala	False	False				https://github.com/ergoplatform/ergoscript-compiler/						
empty	Tooling	ergotxverify		False	Transactions	Scala	False	False			Zargarzadeh, vorujack	https://github.com/ergopool-io/ergotxverify			Project to verify a transaction using a custom context!			
empty	Tooling	fleet-ergo-chained-token-sender		False	Transactions	JS/TS	False	False			MGpai	https://github.com/mgpai22/fleet-ergo-chained-token-sender			Sends transactions in a chained transaction to one recipient per transaction. Only one token type can be sent per transaction.			
empty	Tooling	fleet-sdk-burntokens		False	Tokens; Demo	JS/TS	False	False			ladopixel	https://github.com/ladopixel/fleet-sdk-burntokens						
empty	Tooling	fleet-sdk-createtoken		False	Demo; Tokens	JS/TS	False	False			ladopixel	https://github.com/ladopixel/fleet-sdk-createtoken						
empty	Tooling	"fleet-sdk-sendnft
"		False	Demo; NFTs	JS/TS	False	False			ladopixel	https://github.com/ladopixel/fleet-sdk-sendnft						
empty	Tooling	flowcardLib		False	ErgoScript; Templates	ErgoScript	False	False			lgd	https://github.com/lucagdangelo/flowcardLib						
empty	Tooling	go-ergo-example		False	Demo	Go, C	False	False			soysor	https://github.com/ross-weir/go-ergo-example						
empty	Tooling	https://escript.online/		False	ErgoScript	JS/TS	False	False			c8	https://github.com/SavonarolaLabs/escript-online						
empty	Tooling	indexed-node-explorer		False	Node-tools	JS/TS	False	False			Luivatra	https://github.com/Luivatra/indexed-node-explorer		Reference Client (Node)				
empty	Tooling	miner-rewarder		False	Mining	JS/TS	False	False			MGpai	https://github.com/mgpai22/miner-rewarder			Bot on Ergo Network which rewards a random miner from a user-defined group of blocks. This reward process occurs at regular, specified intervals.			
empty	Tooling	mobilERG		False	Utilities	Python	False	False			ladopixel	https://github.com/ladopixel/mobilERG			"Interact with the Ergo blockchain by making and receiving phone calls and SMS.

"			
empty	Tooling	mosaik-demo-tokenburn		False	Demo; Transactions; Tokens	Kotlin	False	False			MrStahlfelge	https://github.com/MrStahlfelge/mosaik-demo-tokenburn		Mosaik				
empty	Tooling	off-the-grid		False	Off-chain	Rust	False	False			Telefragged	https://github.com/Telefragged/off-the-grid/						
empty	Tooling	ogre		False	Libraries	JS/TS	False	False			soysor	https://github.com/ross-weir/ogre		Reference Client (Node)	TypeScript Ergo node client library targeting web/browser & Deno/native platforms			
empty	Tooling	ogre		False	Node-tools	TypeScript	False	False			Ross Weir	https://github.com/ross-weir/ogre			TypeScript Ergo node client library targeting web/browser & Deno/native platforms			
empty	Tooling	onchain-notifications-service		False	Utilities	Scala	False	False			noob77777	https://github.com/ergopad/onchain-notifications-service			Scala Play based Service for On-Chain Transaction Monitoring and Event Tracking			
empty	Tooling	oracle-pool-bootstrap		False	Demo; Oracles	Scala	False	False			scalahub	https://github.com/scalahub/oracle-pool-bootstrap		oracle-core				
empty	Tooling	reduced-transactions		False	Transactions	JS/TS	False	False			zkastn	https://github.com/zkastn/reduced-transactions						
empty	Tooling	rosetta-ergo		False	APIs	Go	False	False			soysor	https://github.com/ross-weir/rosetta-ergo			Rosetta API for Ergo in Golang			
empty	Tooling	scala-play-next-ergo		False	Templates	Scala	False	False			kii	https://github.com/kii-dot/scala-play-next-ergo			"Scala Play with Ergo Appkit and NextJs

"			
empty	Tooling	"schedulERG
"		False	Demo	Python	False	False			ladopixel	https://github.com/ladopixel/schedulERG			Create and query tokens on the Ergo blockchain by encrypting and decrypting the description with a password.			
empty	Tooling	schnorr sig schema implementation		False	Cryptographic	JS/TS	False	False			"""Allison """	https://github.com/nautls/ergsnap/blob/main/packages/snap/src/ergo/ergoSchnorr.ts						
empty	Tooling	scorex_crypto_avltree		False	Cryptographic	Rust	False	False			soysor	https://github.com/knizhnik/scorex_crypto_avltree		sigma-rust				
empty	Tooling	sigma-builders		False	Libraries	Scala	False	False			lgd	https://github.com/GuapSwap/sigma-builders		AppKit	protocol abstractions			
empty	Tooling	sigma-rust-mini 		False	Utilities	Rust	False	False			morphic	https://github.com/aslesarenko/sigma-rust-mini		sigma-rust	Minified sigma-rust			
empty	Tooling	"sigmajs-crypto-facade
"		False	Libraries	JS/TS	False	False			"""Allison """	https://github.com/arobsn/sigmajs-crypto-facade						
empty	Tooling	sigmaspace		False	Interaction		False	False			Alesfatalis	https://sigmaspace.io/						
empty	Tooling	sigmastate-interpreter		False	ErgoScript	Scala, ErgoScript	False	False			morphic	https://github.com/ScorexFoundation/sigmastate-interpreter						
empty	Tooling	tERGminal		False	Utilities	Python	False	False			ladopixel	https://github.com/ladopixel/tERGminal			interact with the Ergo blockchain from the terminal.			
empty	Tooling	tidyergo		False	Analytics		False	False				https://github.com/Eeysirhc/tidyergo			R/Tidyverse package for Ergo blockchain statistics.			
empty	Tooling	tokenjay		False	Utilities		False	False			MrStahlfelge	https://tokenjay.app/						
empty	Tooling	trade-in		False	Demo	Scala, JS/TS	False	False			lgd	https://github.com/lucagdangelo/trade-in			"Card game token burn and trade-in protocol for Ergo blockchain.

"			
empty	Tooling	transaction-builder		False	Transactions	JS/TS	False	False			haileypdll	https://github.com/ThierryM1212/transaction-builder/						
empty	Tooling	tslib-template		False	Templates	JS/TS	False	False			"""Allison """	https://github.com/arobsn/tslib-template			A modern, minimal, runtime-agnostic TypeScript library template			
empty	Tooling	txbuilder-service		False	Transactions	JS/TS	False	False			nirvanush	https://github.com/nirvanush/txbuilder-service						
empty	Tooling	uexplorer		False	Interaction	Scala	False	False			pragmaxim	https://github.com/pragmaxim/ergo-uexplorer						
empty	Tooling	"yoroi-ergo-wallet-recover
"		False	Wallets	Java	False	False			Aberg	https://github.com/satsen/yoroi-ergo-wallet-recover						
empty	Tooling			False	Mining		False	False				https://github.com/mhssamadani/Autolykos2-CPUMiner						
empty	Tooling			False	Mining		False	False				https://github.com/mhssamadani/Autolykos2_AMD_Miner						
empty	Tooling			False	Mining		False	False				https://github.com/mhssamadani/Autolykos2_NV_Miner						
empty	Tooling			False	Mining		False	False				https://github.com/mhssamadani/ergoAMDminer						
empty	Tooling			False	Mining		False	False				https://github.com/mhssamadani/ErgoStratumProxy						
empty	Tooling			False	Mining		False	False				https://github.com/mhssamadani/ErgoStratumServer						
empty	Tooling			False	Mining		False	False				https://github.com/reqlez/ErgoStratumServer						
empty	Tooling			False	Mining		False	False				https://github.com/vorujack/node-stratum-pool						
empty	Tooling			False	Oracles		False	False				https://github.com/abchrisxyz/OraclePoolHub						
empty	Tooling			False	Oracles		False	False				https://github.com/reqlez/tn-ergo-easy-oracle						
empty	Tooling			False	Oracles		False	False				https://github.com/scalahub/OraclePool						
empty	Tooling			False	Oracles		False	False				https://github.com/sininen-taivas/ergo-oracle						
empty	Tooling			False	Oracles		False	False				https://github.com/thedelphiproject/ergo-oracle-stats-backend						
empty	Tooling			False	Oracles		False	False				https://github.com/thedelphiproject/ergo-oracle-tools-js						
empty	Tooling			False	Utilities		False	False				https://github.com/Itaggergaard/Ergo-node-TUI-installer			Terminal installer for Ergo nodes.			
empty	Tooling, Testing	contract-testing		False	Off-chain; ErgoScript	Scala	False	False			anon-real	https://github.com/anon-real/contract-testing						
empty	Wallets	Bitget Wallet		False			False	False										
empty	Wallets	ELLIPAL		False			False	False										
empty	Wallets	Ledger	Done	False	Wallets	C	False	True			"""Allison "", Glasgow"	https://github.com/tesseract-one/ledger-app-ergo/issues/11						
empty	Wallets	Okto DeFi Wallet(https://okto.tech/)		False			False	False										
empty	Wallets	Satergo		False		Java	True	False			Aberg	https://t.me/Satergo						
empty	Wallets	ergo-paper-wallet		False	Wallets	JS/TS	True	False			"""Allison """	https://github.com/anon-br/ergo-paper-wallet						
empty	Websites	ergcube		False			False	False			HQ							
empty	Websites	ergo.watch		False			False	False			abchris							
empty	Websites	ergonaut.space		False			False	False			Glasgow							
empty	Websites	scastie		False	ErgoScript		False	False										
empty	Websites	wallet.plutomonkey.com		False	ErgoScript		False	False										
empty		Community Moderation		False			False	False										
empty		Content Contributors Programme		False			False	False										
empty		ErgoNation		False	PoP		False	False							Currently inactive PoP project that used small games to verify personhood.			
empty		Getting Started		False			False	False										
empty		Integrations Outreach		False			False	False										
empty		Integrations Outreach		False			False	False										
empty		Integrations Outreach		False			False	False										
empty		LinkedIn 		False			False	False										
empty		Run a competition		False			False	False										
empty		Sigs Mining Pool		False	Mining		False	False				https://github.com/marctheshark3/sigmanaut-mining-pool-ui						
empty		Social Outreach		False			False	False										
empty		Student Outreach Programme		False			False	False										
empty		Twitter KOL Targetting		False			False	False										
empty				False			False	False										
